author,title,type,tag,sub-tag
Abhijit Banerjee; Esther Duflo,Good Economics for Hard Times,non-fiction,economics,general interest
"Abhijit Banerjee, Esther Duflo",Poor Economics,non-fiction,economics,general interest
Adam Moss,The Work of Art,non-fiction,creativity,art
Adam Phillips,Missing Out,non-fiction,psychoanalysis,
Adam Swift,Political Philosophy: A Beginners' Guide for Students and Politicians,non-fiction,philosophy,political philosophy
Adam Tooze,"The Deluge: The Great War, America and the Remaking of the Global Order, 1916-1931",non-fiction,history,american
Adrian Duncan,The Geometer Lobachevsky,fiction,,
"Ajay Agrawal, Joshua Gans, Avi Goldfarb",Prediction Machines: The Simple Economics of Artificial Intelligence,non-fiction,technology,ai
Alain de Botton,Why We Hate Cheap Things,non-fiction,sociology,
Albert Camus,Create Dangerously,non-fiction,creativity,
Alessandro Roncaglia,The Wealth of Ideas: A History of Economic Thought,non-fiction,economics,
Alex Niven,New Model Island: How to Build a Radical Culture Beyond the Idea of England,non-fiction,politics,
Alex S. Vitale,The End of Policing,non-fiction,politics,
Ali Smith,Winter,fiction,,
Ali Smith,How to be Both,fiction,,
Ali Smith,Autumn,fiction,,
Alice Munro,Dear Life,fiction,,
Anastasia Nesvetailova,Sabotage: The Business of Finance,non-fiction,finance,
Andreas Malm,Fossil Capital: The Rise of Steam Power and the Roots of Global Warming,non-fiction,politics,
Andrew Grove,High Output Management,non-fiction,business,management
Andrew Marr,A History of Modern Britain,non-fiction,history,british
Andrew O'Hagan,Mayflies,fiction,,
Angela Y. Davis,"Women, Culture, and Politics",non-fiction,politics,
Angela Y. Davis,Are Prisons Obsolete?,non-fiction,politics,
Anil Seth,Being You,non-fiction,science,cognitive
Anna Burns,Milkman,fiction,,
Anna Vaught,Saving Lucia,fiction,,
Anne Applebaum,Red Famine: Stalin's War on Ukraine,non-fiction,history,20th century
Anne Carson,Autobiography of Red,fiction,,
Annie Jacobsen,Area 51,non-fiction,history,american
Anthony Burgess,A Clockwork Orange,fiction,,
Anthony Everitt,Cicero,non-fiction,biography,politics
Anthony Quinton,Political Philosophy,non-fiction,philosophy,political philosophy
António Lobo Antunes,Midnight Is Not in Everyone’s Reach,fiction,,
Antonio Scurati,M: Son of the Century,fiction,,
Arthur Herman,Freedom’s Forge,non-fiction,history,american
Arthur Herman,To Rule the Waves: How the British Navy Shaped the Modern World,non-fiction,international,maritime
Arthur Koestler,Darkness at Noon,fiction,,
Arthur R. Kroeber,China's Economy: What Everyone Needs to Know,non-fiction,international,china
Arundhati Roy,The God of Small Things,fiction,,
Asher Orkaby,Yemen: What Everyone Needs to Know,non-fiction,international,middle east
Aswath Damodaran,Investment Valuation: Tools and Techniques for Determining the Value of Any Asset,non-fiction,finance,investing
Audrey Magee,The Colony,fiction,,
Avni Doshi,Burnt Sugar,fiction,,
Ayn Rand,Atlas Shrugged,fiction,,
"Bailey Richardson, Kevin Huynh, Kai Elmer Sotto",Get Together,non-fiction,business,
Balzac,Pere Goriot,fiction,,
Barry J. Naughton,The Chinese Economy: Transitions And Growth,non-fiction,economics,
Belén Fernández,Exile: Rejecting America and Finding the World,non-fiction,essays,
Bence Nanay,Aesthetics: A Very Short Introduction,non-fiction,philosophy,
Benedict Anderson,Imagined Communities: Reflections on the Origin and Spread of Nationalism,non-fiction,sociology,
Benjamin Graham,The Intelligent Investor,non-fiction,finance,investing
Benjamin Labatut,The Maniac,fiction,,
Benjamin Labatut,When We Cease to Understand the World,fiction,,
Benjamin Myers,Beastings,fiction,,
Benjamin Myers,Cuddy,fiction,,
Benjamin Todd,"80,000 Hours: Find a fulfilling career that does good",non-fiction,other,
Bernardine Evaristo,"Girl, Woman, Other",fiction,,
Bill Hayton,The Invention of China,non-fiction,international,china
Bill Kovach,The Elements of Journalism,non-fiction,creativity,writing
Blaug,The Methodology Of Economics,non-fiction,economics,theory
Brad Feld; Jason Mendelson,Venture Deals,non-fiction,finance,venture
Bram Stoker,Dracula,fiction,,
Brandon Taylor,Filthy Animals,fiction,,
Brandon Taylor,Real Life,fiction,,
Branko Milanović,"Capitalism, Alone: The Future of the System That Rules the World",non-fiction,economics,
Bruno Munari,Square Circle Triangle,non-fiction,design,
Bruno Munari,Design as Art,non-fiction,design,
Caleb Azumah Nelson,Open Water,fiction,,
Carl Sagan,Cosmos,non-fiction,science,physics
Carlo Rovelli,White Holes,non-fiction,science,physics
Carlo Rovelli,Helgoland: Making Sense of the Quantum Revolution,non-fiction,science,physics
Catherine Ashton,And Then What? Inside Stories of 21st-Century Diplomacy,non-fiction,international,conflict
Celeste Ng,Everything I Never Told You,fiction,,
Charles Fishman,The Wal-Mart Effect,non-fiction,business,
Charles I. Jones,Macroeconomics (Second Edition),non-fiction,economics,theory
Charles L. Clapp,Surviving Inside Congress,non-fiction,politics,
Charlie Munger,Poor Charlie’s Almanack,non-fiction,essays,
Cheryl Misak,Frank Ramsey: A Sheer Excess of Powers,non-fiction,biography,intellectual
Chimamanda Ngozi Adichie,The Visit,fiction,,
Chimamanda Ngozi Adichie,Zikora,fiction,,
China Miéville,October: The Story of the Russian Revolution,non-fiction,history,20th century
Chris Miller,Chip War,non-fiction,technology,
Christopher Blattman,Why We Fight: The Roots of War and the Paths to Peace,non-fiction,politics,
Christopher Hitchens,The Trial of Henry Kissinger,non-fiction,politics,
Christopher McDougall,Born to Run,non-fiction,sports,
Claire Hughes Johnson,Scaling People,non-fiction,business,management
Claire Keegan,So Late in the Day,fiction,,
Claire Keegan,Small Things Like These,fiction,,
Clare Chambers,Small Pleasures,fiction,,
Colin Ward,Anarchy in Action,non-fiction,politics,
Colm Tóibín,Brooklyn,fiction,,
Colm Tóibín,The Shortest Day,fiction,,
Colm Tóibín,The Magician,fiction,,
Colum McCann,Apeirogon,fiction,,
Cormac McCarthy,Suttree,fiction,,
Cormac McCarthy,Child of God,fiction,,
Cormac McCarthy,The Passenger,fiction,,
Cormac McCarthy,Stella Maris,fiction,,
Cormac McCarthy,All the Pretty Horses,fiction,,
Cormac McCarthy,"Blood Meridian, or, the Evening Redness in the West",fiction,,
Cormac McCarthy,The Road,fiction,,
Cormac McCarthy,The Border Trilogy,fiction,,
Damon Galgut,The Promise,fiction,,
Dani Rodrik,Economics Rules: The Rights and Wrongs of the Dismal Science,non-fiction,economics,
Daniel C. Dennett,Intuition Pumps and Other Tools for Thinking,non-fiction,thinking,
Daniel Dennett,Intuition Pumps,non-fiction,thinking,
Daniel Gordis,Israel,non-fiction,international,middle east
Daniel J. Velleman,How to Prove It: A Structured Approach,non-fiction,mathematics,
Daniel Mason,North Woods,fiction,,
Daniel Susskind,"A World Without Work: Technology, Automation, and How We Should Respond",non-fiction,economics,
"Daron Acemoğlu, Simon Johnson",Power and Progress: Our Thousand-Year Struggle Over Technology and Prosperity,non-fiction,politics,
Daron Acemoglu; James A. Robinson,The Narrow Corridor,non-fiction,politics,
David Crystal,A Little Book of Language,non-fiction,language,
David Deutsch,The Beginning of Infinity,non-fiction,science,
David Eagleman,The Brain,non-fiction,science,cognitive
David Foster Wallace,Everything and More,non-fiction,mathematics,
David Grann,The Lost City of Z: A Tale of Deadly Obsession in the Amazon,non-fiction,biography,general interest
David Harvey,"A Companion to Marx's Capital, Volume 1",non-fiction,politics,
David Harvey,A Brief History of Neoliberalism,non-fiction,politics,
David K.H. Begg,Economics,non-fiction,economics,theory
David Keenan,The Towers The Fields The Transmitters,fiction,,
David Keenan,Xstabeth,fiction,,
David Kynaston,Engines of Privilege: Britain's Private School Problem,non-fiction,history,british
David Kynaston,"Austerity Britain, 1945-51",non-fiction,history,british
David Lavender,California,non-fiction,history,california
David M. Peña-Guzmán,When Animals Dream,non-fiction,science,cognitive
David Romer,Advanced Macroeconomics,non-fiction,economics,theory
David Spiegelhalter,The Art of Statistics: How to Learn from Data,non-fiction,statistics,
Delia Owens,Where the Crawdads Sing,fiction,,
Diarmaid MacCulloch,Christianity,non-fiction,religion,history
Didier Eribon,Returning to Reims,non-fiction,essays,
Domenico Losurdo,Liberalism: A Counter-History,non-fiction,politics,
Don Norman,The Design of Everyday Things,non-fiction,design,
"Don Tapscott, Alex Tapscott","Blockchain Revolution: How the Technology Behind Bitcoin Is Changing Money, Business, and the World",non-fiction,finance,
Donald Barthelme,I Bought a Little City,fiction,,
Donna Meadows,Thinking in Systems,non-fiction,thinking,
Donna Tartt,The Secret History,fiction,,
Douglas Stuart,Shuggie Bain,fiction,,
"Dwarkesh Patel, Gavin Leech",The Scaling Era,non-fiction,technology,ai
Dylan Thomas,The Notebook Poems,fiction,,
E.H. Gombrich,The Story of Art,non-fiction,art,history
Edmund S Phelps,My Journeys in Economic Theory,non-fiction,economics,
Édouard Louis,The End of Eddy,fiction,,
Edward Ross Ellis,The Epic of New York City,non-fiction,history,new york
Edward St. Aubyn,Mother's Milk,fiction,,
Edwin Burrows; Mike Wallace,Gotham,non-fiction,history,new york
Elad Gil,High Growth Handbook,non-fiction,business,startups
Elbridge Colby,The Strategy of Denial,non-fiction,international,china
Elena Ferrante,The Lost Daughter,fiction,,
Elena Ferrante,The Story of a New Name,fiction,,
Elena Ferrante,The Lying Life of Adults,fiction,,
Elena Ferrante,The Story of the Lost Child,fiction,,
Elena Ferrante,Those Who Leave and Those Who Stay,fiction,,
Elena Ferrante,My Brilliant Friend,fiction,,
Elie Wiesel,The Night Trilogy,fiction,,
Elif Shafak,The Forty Rules of Love,fiction,,
Elizabeth Strout,Oh William!,fiction,,
Ellen Meiksins Wood,The Origin of Capitalism,non-fiction,politics,
Émile Zola,L'Assommoir,fiction,,
Eric J. Hobsbawm,"The Age of Revolution, 1789–1848",non-fiction,history,
Eric J. Hobsbawm,"The Age of Capital, 1848–1875",non-fiction,history,
Eric J. Hobsbawm,"The Age of Extremes, 1914-1991",non-fiction,history,
Eric J. Hobsbawm,"The Age of Empire, 1875–1914",non-fiction,history,
Eric Ries,The Lean Startup,non-fiction,business,startups
Eric Schliesser,Nonsense on Stilts,non-fiction,philosophy,
Eric Tupper,Introduction to Naval Architecture,non-fiction,science,maritime
Erich Fromm,To Have or to Be? The Nature of the Psyche,non-fiction,psychoanalysis,
Ernest Gellner,Nations and Nationalism,non-fiction,politics,
Ethan Mollick,Co-Intelligence,non-fiction,technology,ai
Evans & Manis,Philosophy of Religion: Thinking About Faith,non-fiction,religion,philosophy
F. Scott Fitzgerald,The Great Gatsby,fiction,,
Fei-Fei Li,The Worlds I See,non-fiction,technology,ai
Fernanda Melchor,Paradais,fiction,,
Francis Fukuyama,Liberalism and Its Discontents,non-fiction,politics,
Frank Herbert,Dune,fiction,,
Frans Masereel,Passionate Journey,fiction,,
Frantz Fanon,The Wretched of the Earth,non-fiction,politics,
Franz Kafka,The Metamorphosis,fiction,,
Franz Kafka,The Complete Novels,fiction,,
Fyodor Dostoevsky,Crime and Punishment,fiction,,
Fyodor Dostoevsky,The Karamazov Brothers,fiction,,
Gabriel García Márquez,One Hundred Years of Solitude,fiction,,
Gabriel García Márquez,Love in the Time of Cholera,fiction,,
Gaël Faye,Petit Pays,fiction,,
Gareth Rubin,The Turnglass,fiction,,
Geetanjali Shree,Tomb of Sand,fiction,,
Geoff Dyer,White Sands,non-fiction,essays,
Geoffrey West,Scale,non-fiction,science,
George Orwell,Animal Farm,fiction,,
George Orwell,The Road to Wigan Pier,non-fiction,reportage,
George Orwell,Down and Out in Paris and London,non-fiction,reportage,
George Orwell,Homage to Catalonia,non-fiction,reportage,
George Orwell,1984,fiction,,
George Saunders,Liberation Day,fiction,,
George Saunders,A Swim in a Pond in the Rain,fiction,,
George Saunders,Pastoralia,fiction,,
George Saunders,Tenth of December,fiction,,
Gerald Murnane,The Plains,fiction,,
Giovanni Arrighi,The Long Twentieth Century,non-fiction,politics,
Grace Blakeley,Stolen: How to Save the World from Financialisation,non-fiction,politics,
Gregory Harms,The Palestine-Israel Conflict: A Basic Introduction,non-fiction,international,middle east
Gregory Zuckerman,The Man Who Solved the Market: How Jim Simons Launched the Quant Revolution,non-fiction,biography,business
Günter Grass,The Tin Drum,fiction,,
Hal R. Varian,Intermediate Microeconomics: A Modern Approach (Seventh Edition),non-fiction,economics,theory
Han Kang,Greek Lessons,fiction,,
Han Kang,The White Book,fiction,,
Han Kang,Human Acts,fiction,,
Han Kang,The Vegetarian,fiction,,
Hannah Arendt,On Lying and Politics,non-fiction,politics,
Hannah Arendt,On Violence,fiction,,
Hannah Arendt,The Origins of Totalitarianism,non-fiction,politics,
Hannah Ritchie,Not the End of the World: How We Can Be the First Generation to Build a Sustainable Planet,non-fiction,science,earth sciences
Hanya Yanagihara,A Little Life,fiction,,
Harper Lee,To Kill a Mockingbird,fiction,,
Haruki Murakami,After Dark,fiction,,
Haruki Murakami,What I Talk About When I Talk About Running,non-fiction,essays,
Haruki Murakami,Kafka on the Shore,fiction,,
Haruki Murakami,Norwegian Wood,fiction,,
Hayden Herrera,Frida: A Biography of Frida Kahlo,non-fiction,biography,art
Helen DeWitt,The Last Samurai,fiction,,
Henrik Ibsen,A Doll's House and Other Plays,fiction,,
Henry Kissinger,On China,non-fiction,international,china
Herman Melville,Moby Dick,fiction,,
Hermann Hesse,Siddhartha,fiction,,
Herta Müller,The Hunger Angel,fiction,,
Hesiod,Theogony,fiction,,
Hesiod,Works and Days,fiction,,
Hilary Mantel,A Place of Greater Safety,fiction,,
Hilary Mantel,Wolf Hall,fiction,,
Hobart & Huber,Boom,non-fiction,finance,history
Homer,The Iliad,fiction,,
Homer,The Odyssey,fiction,,
Hugh Brogan,The Penguin History of the USA,non-fiction,history,american
Ian Graham,Fifty Ships that Changed the World,non-fiction,international,maritime
Ian McEwan,Lessons,fiction,,
Ian McEwan,My Purple Scented Novel,fiction,,
Ian Walker,Endless Perfect Circles,non-fiction,sports,
Immanuel Wallerstein,World-Systems Analysis: An Introduction,non-fiction,politics,
Italo Calvino,Collection of Sand,fiction,,
Italo Calvino,Mr Palomar,fiction,,
Italo Calvino,Our Ancestors,fiction,,
Italo Calvino,The Baron in the Trees,fiction,,
Italo Calvino,If on a Winter's Night a Traveler,fiction,,
Italo Calvino,Invisible Cities,fiction,,
J. Bradford DeLong,Slouching Towards Utopia: An Economic History of the Twentieth Century,non-fiction,economics,history
J.D. Salinger,The Catcher in the Rye,fiction,,
J.E. Gordon,Structures,non-fiction,science,engineering
J.G. Ballard,Crash,fiction,,
J.M. Coetzee,Waiting for the Barbarians,fiction,,
J.M. Coetzee,Disgrace,fiction,,
Jack E. Davis,Gulf: The Making of an American Sea,non-fiction,international,maritime
Jacob Helberg,The Wires of War,non-fiction,international,conflict
James Baldwin,Dark Days,fiction,,
James Baldwin,Giovanni’s Room,fiction,,
James Baldwin,Notes of a Native Son,non-fiction,essays,
James Baldwin,Sonny's Blues,fiction,,
James Baldwin,The Fire Next Time,non-fiction,essays,
James C. Scott,Seeing Like a State,non-fiction,politics,
James Conaway,Napa: The Story of an American Eden,non-fiction,history,california
James E. Lovelock,The Ages of Gaia: A Biography of Our Living Earth,non-fiction,science,earth sciences
James Hawes,The Shortest History of Germany,non-fiction,history,european
James Joyce,Ulysses,fiction,,
James Joyce,A Portrait of the Artist as a Young Man,fiction,,
Jamie Green,The Possibility of Life,non-fiction,science,biology
Jared Diamond,Guns Germs and Steel,non-fiction,history,
Jean Tirole,Economics for the Common Good,non-fiction,economics,
Jean-Paul Sartre,Nausea,fiction,,
Jeff Vail,A Theory of Power,non-fiction,politics,
Jeffrey Eugenides,Middlesex,fiction,,
Jennifer Egan,A Visit from the Goon Squad,fiction,,
Jennifer Pahlka,Recoding America,non-fiction,politics,
Jennifer R. March,The Penguin Book of Classical Myths,fiction,,
Jesse Lecavalier,The Rule of Logistics,non-fiction,business,
Jhumpa Lahiri,Whereabouts,fiction,,
Joan Didion,Slouching Towards Bethlehem,non-fiction,essays,
Joan Didion,Notes on John,non-fiction,essays,
Joe Posnanski,The Baseball 100,non-fiction,sports,
Joe Studwell,How Asia Works,non-fiction,international,asia
Joel Mokyr,A Culture of Growth,non-fiction,economics,
Johann Wolfgang von Goethe,Faust,fiction,,
John Barton,A History of the Bible,non-fiction,religion,history
John Bellamy Foster,The Great Financial Crisis: Causes and Consequences,non-fiction,finance,history
John Berger,Landscapes: John Berger on Art,non-fiction,art,criticism
John Berger,Portraits: John Berger on Artists,non-fiction,art,criticism
John Berger,Ways of Seeing,non-fiction,art,theory
John Berger,Landscapes,non-fiction,art,criticism
John Berger,Portraits,non-fiction,art,criticism
John Burnside,The Dumb House,fiction,,
John Cheever,The Swimmer,fiction,,
John Doerr,Measure What Matters,non-fiction,business,management
John Ganz,When the Clock Broke,non-fiction,history,political
John Gray,Straw Dogs: Thoughts on Humans and Other Animals,non-fiction,philosophy,political philosophy
John Kay,The Corporation in the 21st Century,non-fiction,economics,
Ben Bernanke,21st Century Monetary Policy,non-fiction,economics,monetary
John le Carré,The Spy Who Came In from the Cold,fiction,,
John Steinbeck,Of Mice and Men,fiction,,
John Steinbeck,Travels with Charley,non-fiction,reportage,
John Williams,Stoner,fiction,,
Jon Fosse,Septology,fiction,,
Jon Fosse,Aliss at the Fire,fiction,,
Jon Gertner,The Idea Factory,non-fiction,history,technology
Jon Meacham,Thomas Jefferson,non-fiction,biography,politics
Jonathan D. Spence,The Search For Modern China,non-fiction,international,china
Jonathan Franzen,Purity,fiction,,
Jonathan Franzen,Freedom,fiction,,
Jonathan Franzen,The Corrections,fiction,,
Jonathan Mahler,The Gods of New York,non-fiction,history,new york
Jonathan Safran Foer,Everything Is Illuminated,fiction,,
Jordan Ellenberg,How Not to Be Wrong: The Power of Mathematical Thinking,non-fiction,thinking,
Joseph Heller,Catch-22,fiction,,
Joseph Roth,The Legend of The Holy Drinker,fiction,,
Joshua Cohen,Attention,non-fiction,essays,
Joshua Cohen,The Netanyahus,fiction,,
Julia Galef,The Scout Mindset,non-fiction,thinking,
Julia Galef,The Scout Mindset: Why Some People See Things Clearly and Others Don't,non-fiction,thinking,
Julian Barnes,The Sense of an Ending,fiction,,
Kalani Pickhart,I Will Die in a Foreign Land,fiction,,
Kaoru Takamura,Lady Joker (Volume One),fiction,,
Karen Armstrong,The Case for God,non-fiction,religion,
Karen Armstrong,A History of God,non-fiction,religion,
"Karl Marx, Friedrich Engels",Das Kapital,fiction,,
Karl Ove Knausgård,A Death in the Family,fiction,,
Karl Polanyi,The Great Transformation: The Political and Economic Origins of Our Time,non-fiction,politics,
Karl Popper,The Open Society and Its Enemies,non-fiction,philosophy,science
Kate Raworth,Doughnut Economics,non-fiction,economics,
Kaveh Akbar,Martyr!,fiction,,
Kazuo Ishiguro,The Remains of the Day,fiction,,
Kazuo Ishiguro,Never Let Me Go,fiction,,
Ken Binmore,Calculus: Concepts and Methods,non-fiction,mathematics,
Keyu Jin,The New China Playbook,non-fiction,international,china
Kenneth A. Shepsle et al.,Inside Congressional Committees,non-fiction,politics,
Kevin J. Mitchell,Free Agents,non-fiction,science,cognitive
Kevin Kelly,The Inevitable: Understanding the 12 Technological Forces That Will Shape Our Future,non-fiction,technology,
Kevin Starr,Americans and the California Dream,non-fiction,history,california
Kirino Natsuo,Out,fiction,,
Krista Tippett,Becoming Wise,non-fiction,philosophy,
Krista Tippett,Einstein’s God,non-fiction,religion,
Kurt Vonnegut Jr.,Slaughterhouse-Five,fiction,,
Langston Hughes,I Been a House and Other Plays,fiction,,
Larry McMurtry,Lonesome Dove,fiction,,
Larry Siedentop,Inventing the Individual,non-fiction,history,intellectual
László Krasznahorkai,"A Mountain to the North, a Lake to the South, Paths to the West, a River to the East",fiction,,
László Krasznahorkai,Satantango,fiction,,
László Krasznahorkai,The Last Wolf,fiction,,
Laurent Binet,HHhH,fiction,,
Lawrence Krauss,A Universe from Nothing ,non-fiction,science,physics
Lehman and Stanley,Why Greatness Cannot be Planned,non-fiction,thinking,
Leïla Slimani,Lullaby,fiction,,
Leo Tolstoy,War and Peace,fiction,,
Less,Andrew Sean Greer,fiction,,
Lincoln Paine,The Sea and Civilization: A Maritime History of the World,non-fiction,international,maritime
Ling  Ma,Bliss Montage,fiction,,
Lisa Feldman Barrett,How Emotions Are Made,non-fiction,science,cognitive
Lisa Feldman Barrett,Seven And A Half Lessons About The Brain,non-fiction,science,cognitive
Lisa Taddeo,Three Women,fiction,,
Liu Cixin,The Three-Body Problem,fiction,,
Louis Menand,The Metaphysical Club,non-fiction,history,intellectual
Lucas Rijneveld,The Discomfort of Evening,fiction,,
Lucy Ellmann,Things Are Against Us,fiction,,
Lulu Allison,Salt Lick,fiction,,
M. Mitchell Waldrop,The Dream Machine,non-fiction,technology,
Maddie Mortimer,Maps of Our Spectacular Bodies,fiction,,
Madeline Miller,Circe,fiction,,
Maggie Nelson,The Argonauts,fiction,,
Maggie O'Farrell,Hamnet,fiction,,
Maggie Shipstead,Great Circle,fiction,,
Marc Bloch,"Feudal Society, Volume 1",non-fiction,history,feudalism
Marcel Proust,"In Search of Lost Time, Vol. 1–3",fiction,,
Margaret Atwood,The Blind Assassin,fiction,,
Margaret Atwood,The Year of the Flood,fiction,,
Margaret Atwood,Oryx and Crake,fiction,,
Margaret MacMillan,The War That Ended Peace,non-fiction,history,20th century
Marguerite Yourcenar,Memoirs of Hadrian,fiction,,
Mariana Enriquez,The Dangers of Smoking in Bed,fiction,,
Mariana Mazzucato,The Entrepreneurial State: Debunking Public vs. Private Sector Myths,non-fiction,politics,
Marilynne Robinson,The Givenness of Things: Essays,fiction,,
Marilynne Robinson,Gilead,fiction,,
Marilynne Robinson,Home,fiction,,
Mark de Silva,The Logos,fiction,,
Mark Fisher,"Ghosts of My Life: Writings on Depression, Hauntology and Lost Futures",non-fiction,politics,
Mark Fisher,Capitalist Realism: Is There No Alternative?,non-fiction,politics,
Martin Gayford,Master Builder,non-fiction,science,biology
Martin Gurri,The Revolt of the Public,non-fiction,sociology,
Martin Wolf,The Crisis of Democratic Capitalism,non-fiction,economics,
Matt Haig,The Midnight Library,fiction,,
Matthew B. Crawford,Shop Class as Soulcraft,non-fiction,philosophy,
Matthew Desmond,Poverty by America,non-fiction,politics,
Max Porter,The Death of Francis Bacon,fiction,,
Max Porter,Lanny,fiction,,
Max Porter,Grief Is the Thing with Feathers,fiction,,
Max Tegmark,Life 3.0: Being Human in the Age of Artificial Intelligence,non-fiction,technology,ai
Max Tegmark,Our Mathematical Universe: My Quest for the Ultimate Nature of Reality,non-fiction,mathematics,
Max Weber,The Protestant Ethic and the Spirit of Capitalism,non-fiction,sociology,
Meg Mason,Sorrow and Bliss,fiction,,
Melanie  Mitchell,Artificial Intelligence: A Guide for Thinking Humans,non-fiction,technology,ai
Michael Hardt,Multitude: War and Democracy in the Age of Empire,non-fiction,politics,
Michael Kempe,The Best of All Possible Worlds,non-fiction,biography,intellectual
Michael Wood,A Brief History of China,non-fiction,international,china
Michel Laub,Diary of the Fall,fiction,,
Mieko Kawakami,Breasts and Eggs,fiction,,
Mike  Davis,Buda's Wagon: A Brief History of the Car Bomb,non-fiction,history,
Mike  Davis,Planet of Slums,fiction,,
Mike  Davis,Prisoners of the American Dream: Politics and Economy in the History of the U.S. Working Class,non-fiction,history,american
Mikhail Bulgakov,The Master and Margarita,fiction,,
Mikiso Hane,Japan: A Short History,non-fiction,international,asia
Milan Kundera,The Unbearable Lightness of Being,fiction,,
Milton Friedman; Anna Schwartz,The Great Contraction 1929–1933,non-fiction,economics,monetary
Mona Arshi,Somebody Loves You,fiction,,
Naomi Klein,The Shock Doctrine: The Rise of Disaster Capitalism,non-fiction,economics,
Naomi Klein,This Changes Everything,non-fiction,politics,
Nassim Nicholas Taleb,Black Swan,non-fiction,statistics,
Nassim Nicholas Taleb,Fooled by Randomness: The Hidden Role of Chance in Life and in the Markets (Incerto),non-fiction,statistics,
Nate Silver,The Signal and the Noise: Why So Many Predictions Fail—But Some Don't,non-fiction,statistics,
Niall Ferguson,The Square and the Tower,non-fiction,history,
Nicholas J. Brown,The New Penguin Russian Course: A Complete Course for Beginners,non-fiction,language,
Nick Bostrom,"Superintelligence: Paths, Dangers, Strategies",non-fiction,technology,ai
Nick Srnicek,Inventing the Future: Postcapitalism and a World Without Work,non-fiction,politics,
Nigel Warburton,A Little History of Philosophy,non-fiction,philosophy,history
Nikolai Leskov,The Enchanted Wanderer,fiction,,
Nikos Kazantzakis,Zorba the Greek,fiction,,
Noam Chomsky,Chomsky On Anarchism,non-fiction,politics,
"Noam Chomsky, Ilan Pappé",On Palestine,non-fiction,international,middle east
Ocean Vuong,On Earth We’re Briefly Gorgeous,fiction,,
Oisín Fagan,Nobber,fiction,,
Olga Tokarczuk,The Books of Jacob,fiction,,
Olga Tokarczuk,Drive Your Plow Over the Bones of the Dead,fiction,,
Olga Tokarczuk,Flights,fiction,,
Orhan Pamuk,The White Castle,fiction,,
Orlando Figes,"Revolutionary Russia, 1891 - 1991: A History",non-fiction,history,european
Oscar Wilde,The Picture of Dorian Gray,fiction,,
Oscar Wilde,The Major Works,fiction,,
Ottessa Moshfegh,Death in Her Hands,fiction,,
Ottessa Moshfegh,Lapvona,fiction,,
Owen Jones,The Establishment,non-fiction,politics,
P. W. Singer; August Cole,Ghost Fleet,fiction,,
Parag Khanna,Move: The Forces Uprooting Us,non-fiction,politics,
Parmy Olson,Supremacy,non-fiction,technology,ai
Patrick McCabe,Poguemahone,fiction,,
Patrick Modiano,The Occupation Trilogy,fiction,,
Paul Auster,The New York Trilogy,fiction,,
Paul Auster,Leviathan,fiction,,
Paul Beatty,The White Boy Shuffle,fiction,,
Paul Bloom,The Human Mind,non-fiction,science,cognitive
Paul Harding,Tinkers,fiction,,
Paul Ingrassia,Engines of Change,non-fiction,technology,
Paul Morland,The Human Tide: How Population Shaped the Modern World,non-fiction,politics,
Paulo Freire,Pedagogy of the Oppressed,non-fiction,politics,
Percival Everett,The Trees,fiction,,
Percival Everett,I Am Not Sidney Poitier,fiction,,
Perry Anderson,Passages from Antiquity to Feudalism,non-fiction,history,feudalism
Peter Baker; Susan Glasser,The Man Who Ran Washington,non-fiction,politics,
Peter Bernstein,Against the Gods,non-fiction,statistics,
Peter Drucker,The Effective Executive,non-fiction,business,management
Peter J. Boettke,The Struggle for a Better World,non-fiction,economics,
Peter Mansfield,A History of the Middle East,non-fiction,international,middle east
Peter Singer,Applied Ethics,non-fiction,philosophy,ethics
Peter Thiel,"Zero to One: Notes on Startups, or How to Build the Future",non-fiction,business,startups
Phil Knight,Shoe Dog,non-fiction,biography,business
Philip K. Dick,Do Androids Dream of Electric Sheep?,fiction,,
Philip Roth,American Pastoral,fiction,,
Philip Tetlock; Dan Gardner,Superforecasting,non-fiction,thinking,
Primo Levi,"If This Is a Man, The Truce",non-fiction,history,20th century
Ray Bradbury,Fahrenheit 451,fiction,,
Rein Gold,Elfriede Jelinek,non-fiction,other,
Reza Aslan,Zealot: The Life and Times of Jesus of Nazareth,non-fiction,religion,history
Richard Dawkins,The Selfish Gene,non-fiction,science,biology
Richard Hammack,Book of Proof,non-fiction,mathematics,
Richard J. Evans,The Pursuit of Power: Europe 1815 - 1914,non-fiction,history,european
Richard J. Larsen,An Introduction to Mathematical Statistics and Its Applications,non-fiction,statistics,
Richard Leakey,The Origin of Humankind,non-fiction,science,
Richard Powers,The Overstory,fiction,,
"Richard Thaler, Cass Sunstein","Nudge: Improving Decisions About Health, Wealth, and Happiness",non-fiction,thinking,
Robert Axelrod,The Evolution of Cooperation,non-fiction,sociology,
Robert B. Zoellick,America in the World,non-fiction,international,
Robert Heilbroner,The Worldly Philosophers,non-fiction,economics,history
Robert M. Sapolsky,Behave,non-fiction,science,cognitive
Robert Middlekauff,The Glorious Cause,non-fiction,history,american
Robert O. Paxton,The Anatomy of Fascism,non-fiction,politics,
Robert Penn Warren,All the King’s Men,fiction,,
Robert Pirsig,Zen and the Art of Motorcycle Maintenance,non-fiction,philosophy,
Robert Poole,Peterloo: The English Uprising,non-fiction,history,british
Robert Skidelsky,Keynes: The Return of the Master,non-fiction,economics,monetary
Robert Skidelsky,How Much Is Enough? Money and the Good Life,non-fiction,economics,
Roberto Bolaño,2666,fiction,,
Rodrigo Fresán,The Invented Part,fiction,,
Roger E. Backhouse,The Penguin History of Economics,non-fiction,economics,
Roger H. Davidson et al.,Congress and Its Members,non-fiction,politics,
Roger Lowenstein,Buffett,non-fiction,finance,investing
"Roland, Bolster, and Keyssar",The Way of the Ship: America's Maritime History Reenvisioned,non-fiction,international,maritime
Robert Caro,The Power Broker,non-fiction,biography,politics
Ron Chernow,Alexander Hamilton,non-fiction,biography,politics
Ronan Hession,Leonard and Hungry Paul,fiction,,
Rose-Marie Hagen,Goya,fiction,,
Ross Douthat,Believe,non-fiction,religion,
Rowan Jacobsen,Geography of Oysters,non-fiction,food & drink,oysters
Rudy Rucker,"As Above, So Below: A Novel of Peter Bruegel",fiction,,
Rutger Bregman,Utopia for Realists: How We Can Build the Ideal World,non-fiction,politics,
Ruth Ozeki,The Book of Form and Emptiness,fiction,,
Ryszard Kapuściński,Another Day of Life,non-fiction,reportage,
Sally Rooney,Normal People,fiction,,
Sam Harris,Making Sense,non-fiction,philosophy,
Samuel Beckett,Waiting for Godot,fiction,,
Sathnam Sanghera,Empireland,non-fiction,history,british
Scott Anderson,Fractured Lands,non-fiction,international,conflict
Scott Kupor,Secrets of Sand Hill Road,non-fiction,finance,venture
Seán Hewitt,All Down Darkness Wide,fiction,,
Sebastian Barry,Days Without End,fiction,,
Metrick & Yasuda,Venture Capital and the Finance of Innovation,non-fiction,finance,venture
Sebastian Mallaby,The Power Law,non-fiction,finance,venture
Sebastian Payne,Broken Heartlands: A Journey Through Labour's Lost England,non-fiction,politics,
Seishi Yokomizo,The Devil's Flute Murders,fiction,,
Seishi Yokomizo,The Honjin Murders,fiction,,
Seishi Yokomizo,The Village of Eight Graves,fiction,,
Selby Wynn Schwartz,After Sappho,fiction,,
Silvia Federici,"Caliban and the Witch: Women, the Body and Primitive Accumulation",non-fiction,politics,
Simon & Blume,Mathematics for Economists,non-fiction,mathematics,
Simon Winchester,The Perfectionists,non-fiction,technology,
Sinclair Lewis,It Can’t Happen Here,fiction,,
Sjón,Red Milk,fiction,,
Sjón,The Mark on the Wall and Other Short Fiction,fiction,,
Sjón,The Village of Rest Graves,fiction,,
Sjón,The Shadow of the Raven,fiction,,
Sjón,The Devil’s Eye Murders,fiction,,
Smith (ed.),Smith’s Bible Dictionary,non-fiction,religion,reference
Srećko Horvat,Poetry from the Future: Why a Global Liberation Movement Is Our Civilisation's Last Chance,non-fiction,politics,
Stephanie Kelton,The Deficit Myth,non-fiction,politics,
Stephen D. Krasner,How to Make Love to a Despot,non-fiction,international,
Stephen King,The Shining,fiction,,
Stuart Jeffries,Grand Hotel Abyss,non-fiction,history,intellectual
Stuart Russell,Human Compatible: Artificial Intelligence and the Problem of Control,non-fiction,technology,ai
Sunjeev Sahota,China Room,fiction,,
Susan Sontag,At the Same Time: Essays and Speeches,non-fiction,essays,
Susan Sontag,Against Interpretation and Other Essays,non-fiction,essays,
Susan Sontag,On Photography,non-fiction,essays,
Susan Sontag,In America,fiction,,
Susanna Clarke,Piranesi,fiction,,
Sylvia Plath,The Bell Jar,fiction,,
T. J. Stiles,The First Tycoon,non-fiction,biography,business
T.R. Fehrenbach,Lone Star,non-fiction,history,texas
Taffy Brodesser-Akner,Long Island Compromise,fiction,,
Tarjei Vesaas,The Birds,fiction,,
Taschen (ed.),Design of the 20th Century,non-fiction,design,
Thomas Bernhard,Extinction,fiction,,
Thomas Bernhard,Concrete,fiction,,
Thomas Pakenham,The Scramble for Africa,non-fiction,history,
Thomas Piketty,Capital in the Twenty First Century,non-fiction,economics,
Thomas Pynchon,V.,fiction,,
Thomas Pynchon,Gravity’s Rainbow,fiction,,
Thomas Woods,How the Catholic Church Built Western Civilization,non-fiction,religion,history
Toby Ord,The Precipice,non-fiction,philosophy,ethics
Tom Chivers,Everything is Predictable,non-fiction,statistics,
Tom Holland,Dominion,non-fiction,religion,history
Tom Surgey,How to Drink Wine,non-fiction,food & drink,wine
Toni Morrison,Beloved,fiction,,
Tony Judt,Postwar,non-fiction,history,european
Tony Judt,Thinking the Twentieth Century,non-fiction,history,european
Tony Judt,Reappraisals,non-fiction,history,european
Toshikazu Kawaguchi,Before the Coffee Gets Cold,fiction,,
Trevor Corning,Inside Congress,non-fiction,politics,
Tyler Cowen,Stubborn Attachments,non-fiction,economics,
Umberto Eco,The Name of the Rose,fiction,,
Umberto Eco,How to Travel with a Salmon,non-fiction,essays,
Unknown,Beowulf,fiction,,
Ursula K. Le Guin,The Dispossessed: An Ambiguous Utopia,fiction,,
Ursula K. Le Guin,The Dispossessed,fiction,,
Vannevar Bush,Pieces of the Action,non-fiction,technology,
Vasily Grossman,Life and Fate,fiction,,
Vigdis Hjorth,Long Live the Post Horn!,fiction,,
Virgil,The Aeneid,fiction,,
Virginia Woolf,The Mark on the Wall,fiction,,
Vladimir Nabokov,Pale Fire,fiction,,
W. G. Sebald,Vertigo,fiction,,
W.G. Sebald,Austerlitz,fiction,,
Walt Whitman,Leaves of Grass,fiction,,
Walter Isaacson,Steve Jobs,non-fiction,biography,business
Walter Isaacson,Benjamin Franklin,non-fiction,biography,politics
Walter Lippmann,The Essential Lippmann ,non-fiction,politics,
Wendy  Liu,Abolish Silicon Valley: How to Liberate Technology from Capitalism,non-fiction,politics,
Wesley Morris,The Best American Essays (2024),non-fiction,essays,
Will Durant,The Story of Philosophy,non-fiction,philosophy,history
Will Herberg,Protestant Catholic Jew,non-fiction,religion,
William Dalrymple,The Anarchy,non-fiction,history,british
William Faulkner,Light in August,fiction,,
William Faulkner,The Sound and the Fury,fiction,,
William I. Robinson,The Global Police State,non-fiction,politics,
William MacAskill,What We Owe the Future,non-fiction,philosophy,ethics
William Strunk Jr.,The Elements of Style,non-fiction,creativity,writing
William T. Vollmann,Uncentering the Earth,non-fiction,other,
William Zinsser,On Writing Well,non-fiction,creativity,writing
Wilson Harris,Palace of the Peacock,fiction,,
Witold Rybczynski,The Driving Machine,non-fiction,technology,
Yiyun Li,The Book of Goose,fiction,,
Yōko Ogawa,The Housekeeper and the Professor,fiction,,
Zadie Smith,White Teeth,fiction,,
W. David Marx,Status and Culture,non-fiction,sociology,
W. David Marx,Blank Space,non-fiction,sociology,
David Chang,Eat a Peach,non-fiction,food & drink,memoir
Jim Meehan,Meehan's Bartender Manual,non-fiction,food & drink,recipes
Steve Reddicliffe,The New York Times Essential Book of Cocktails,non-fiction,food & drink,recipes
Jonathan Bartlett,The Cook's Dictionary and Culinary Reference,non-fiction,food & drink,recipes
Jose Pizarro,The Spanish Pantry,non-fiction,food & drink,recipes
Yotam Ottolenghi,Shelf Love,non-fiction,food & drink,recipes
Ixta Belfrage,Mezcla,non-fiction,food & drink,recipes
Ixta Belfrage,FUSÃO,non-fiction,food & drink,recipes
Thuy Diem Pham,Viet Kitchen,non-fiction,food & drink,recipes
Vicky Bennison,Pasta Grannies,non-fiction,food & drink,recipes
Meryl Feintsein,Pasta Every Day,non-fiction,food & drink,recipes
Marcella Hazan,Essentials of Classic Italian Cooking,non-fiction,food & drink,recipes
Margarita Carrillo Arronte,Mexico: The Cookbook,non-fiction,food & drink,recipes
David Zilber and René Redzepi,The Noma Guide to Fermentation,non-fiction,food & drink,recipes
David Nasaw,The Last Million,non-fiction,history,20th century
Paul Auster,Baumgartner,fiction,,
Neil Theise,Notes on Complexity,non-fiction,science,
James Q. Wilson,Bureaucracy,non-fiction,politics,government
Donna Tartt,The Secret History,fiction,,
Timothy Snyder,Black Earth,non-fiction,history,20th century
Joshua Meyrowitz,No Sense of Place,non-fiction,sociology,
Deirdre McCloskey,Economical Writing,non-fiction,creativity,writing
David Riesman,The Lonely Crowd,non-fiction,sociology,
Arundhati Roy,The God of Small Things,fiction,,
Barbara Kingsolver,Demon Copperhead,fiction,,
Jeffrey Eugenides,Middlesex,fiction,,
Alex Ross,The Rest is Noise,non-fiction,history,music
Bianca Bosker,Cork Dork,non-fiction,food & drink,wine
John Berger,About Looking,non-fiction,art,theory
Joan Didion,South and West,non-fiction,essays,
Leigh Phillips and Michael Rozworski,People's Republic of Walmart,non-fiction,business,
Siri Hustvedt,What I Loved,fiction,,
Siri Hustvedt,"Mothers, Fathers, and Others",fiction,,
Claudio Saunt,West of the Revolution,non-fiction,history,american
Kim Stanley Robinson,The High Sierra: A Love Story,non-fiction,travel,
Bertrand Russell,The History of Western Philosophy,non-fiction,philosophy,history
Charles Taylor,A Secular Age,non-fiction,philosophy,
Alison Castle,The Stanley Kubrick Archives,non-fiction,cinema,
Robert Kolker and Nathan Abrams,Kubrick,non-fiction,cinema,
Dan Davies,The Unaccountability Machine,non-fiction,politics,
Lyle Goldstein,Meeting China Halfway,non-fiction,international,china
Morgan Housel,The Psychology of Money,non-fiction,finance,personal
Nick Maggiuli,Just Keep Buying,non-fiction,finance,personal
Nick Maggiuli,The Wealth Ladder,non-fiction,finance,personal
Paulo Coelho,The Alchemist,fiction,,
Friedrich Nietszche,Thus Spake Zarathustra,fiction,,
Stephen Hawking,A Brief History of Time,non-fiction,science,physics
Joseph J. Ellis,American Creation,non-fiction,history,american
Niall Ferguson,Colossus,non-fiction,history,american
W.G. Sebald,Vertigo,fiction,,
Larry McMurtry,Lonesome Dove,fiction,,
Diarmaid MacCulloch,Christianity: The First Three Thousand Years,non-fiction,religion,history
Lawrence Krauss,A Universe From Nothing,non-fiction,science,physics
Gareth Rubin,The Turnglass,fiction,,
Homer,The Iliad,fiction,classics,
Homer,The Odyssey,fiction,classics,
Virgil,The Aeneid,fiction,classics,
Jack E. Davis,Gulf: The Making of an American Sea,non-fiction,international,maritime
Mark De Silva,The Logos,fiction,,
U.S.-China Economic and Security Review Commission,2024 Annual Report to Congress,non-fiction,politics,
Nikos Kazantzakis,Zorba the Greek,fiction,,
Adam Johnson,The Orphan Master's Son,fiction,,
John Williams,Stoner,fiction,,
Patrick Modiano,The Occupation Trilogy,fiction,,
William Faulkner,The Sound and the Fury,fiction,,